{"episode_rewards": [932.299999999987, 848.5530546623608, 927.8999999999929, 918.1999999999857, 885.074626865655, 932.5999999999855, 876.6536964980438, 665.4320987654154, 921.8999999999912, 874.276527331171, 885.1301115241457, 868.9922480620078, 688.4615384615224, 827.7978339350091, 919.3999999999912], "mean": 864.8447824070175, "std": 79.90661218724566}